col,row,lon,lat,z,z_valid,dem_path
1962.09912109375,100.9634017944336,-75.86825730213569,40.827197088051584,0.0,False,
2155.78662109375,128.22222900390625,-75.61336958228644,40.787155517696114,0.0,False,
1874.33447265625,134.2797393798828,-75.97405991961608,40.79443761179608,0.0,False,
1689.72607421875,152.45230102539062,-76.2193292349427,40.76894678854695,0.0,False,
1623.14599609375,179.71112060546875,-76.29627647112362,40.73615849930893,0.0,False,
1707.88427734375,179.71112060546875,-76.19047402137488,40.72887001708998,0.0,False,
1710.91064453125,216.05621337890625,-76.18085561685227,40.692415630932786,0.0,False,
1559.59228515625,228.17124938964844,-76.37803290956585,40.670533420292834,0.0,False,
1671.56787109375,228.17124938964844,-76.22894763946533,40.670533420292834,0.0,False,
1738.14794921875,249.37255859375,-76.15200040328443,40.64499509584912,0.0,False,
1804.72802734375,255.43006896972656,-76.07024396484222,40.6376966361106,0.0,False,
1553.53955078125,261.4875793457031,-76.38765131408844,40.630397378379506,0.0,False,
2400.92236328125,279.66015625,-75.31519904208544,40.60849481754328,0.0,False,
1378.01025390625,300.8614501953125,-76.62330222489247,40.58293275422018,0.0,False,
2143.68115234375,303.89019775390625,-75.63741559359298,40.57928023309972,0.0,False,
1320.50927734375,306.9189758300781,-76.69063105655076,40.57197459255684,0.0,False,
1296.29833984375,312.9764709472656,-76.7146770678573,40.564668154304435,0.0,False,
1853.14990234375,312.9764709472656,-76.01734273996784,40.57197459255684,0.0,False,
948.26611328125,322.062744140625,-77.15712350816582,40.55005288479797,0.0,False,
2255.65673828125,340.2353210449219,-75.49313952575378,40.5244684862787,0.0,False,
1759.33251953125,352.350341796875,-76.1231451897166,40.5244684862787,0.0,False,
2219.34033203125,352.350341796875,-75.53161314384423,40.51350075334244,0.0,False,
987.60888671875,364.4653625488281,-77.12345909233669,40.498874318356556,0.0,False,
2043.81103515625,385.66668701171875,-75.76245485238694,40.47327038241013,0.0,False,
1126.82177734375,403.8392333984375,-76.93590020414572,40.458635176759174,0.0,False,
1898.54541015625,403.8392333984375,-75.94520470604824,40.45497587707905,0.0,False,
1438.53759765625,412.9255065917969,-76.52230897740503,40.42935513534039,0.0,False,
1396.16845703125,418.9830322265625,-76.59925621358593,40.43301583003004,0.0,False,
1910.65087890625,418.9830322265625,-75.92596772927135,40.42935513534039,0.0,False,
2234.47216796875,425.04052734375,-75.52680394158291,40.42203314815451,0.0,False,
370.22998046875,452.29937744140625,-77.88812225188443,40.389074342823015,0.0,False,
1126.82177734375,479.5581970214844,-76.92628179962311,40.356099400273216,0.0,False,
1423.40576171875,497.7307434082031,-76.54635498871156,40.3304410680757,0.0,False,
1931.83544921875,497.7307434082031,-75.91634932474874,40.3267747953807,0.0,False,
2134.60205078125,497.7307434082031,-75.65184320037687,40.3267747953807,0.0,False,
1151.03271484375,500.7594909667969,-76.90704499057789,40.3267747953807,0.0,False,
1374.98388671875,512.87451171875,-76.61849302263116,40.30844044467781,0.0,False,
1099.58447265625,524.9895629882812,-76.96956461997488,40.304772977121054,0.0,False,
1889.46630859375,524.9895629882812,-75.95482311057086,40.301105310435425,0.0,False,
1626.17236328125,540.1333618164062,-76.30108567338495,40.271756808816924,0.0,False,
1272.08740234375,549.2196044921875,-76.74353228142515,40.26441769241937,0.0,False,
1828.93896484375,558.305908203125,-76.03657954901306,40.24973707067067,0.0,False,
878.65966796875,594.6510009765625,-77.23407074434672,40.20567609625513,0.0,False,
1278.14013671875,606.7660522460938,-76.7339138769025,40.18363486183883,0.0,False,
2612.76806640625,621.9098510742188,-75.04588371545226,40.165261694286194,0.0,False,
878.65966796875,627.9673461914062,-77.24368914886934,40.168936725746406,0.0,False,
1217.61279296875,643.1111450195312,-76.82047951760605,40.139530903255846,0.0,False,
2515.92431640625,649.1686401367188,-75.16611377198493,40.139530903255846,0.0,False,
2331.31591796875,655.2261962890625,-75.39695548052764,40.1248232174157,0.0,False,
2479.60791015625,655.2261962890625,-75.21420579459799,40.135854280188305,0.0,False,
2425.13330078125,664.3124389648438,-75.27672542399498,40.11011234888584,0.0,False,
1580.77685546875,685.5137329101562,-76.349177695998,40.08804020748742,0.0,False,
1707.88427734375,688.5425415039062,-76.17604641459097,40.08436079978896,0.0,False,
2343.42138671875,688.5425415039062,-75.38252787374373,40.08436079978896,0.0,False,
2512.89794921875,691.5712890625,-75.16611377198493,40.09539829794751,0.0,False,
2222.36669921875,694.6000366210938,-75.53642234610552,40.077001387787554,0.0,False,
2458.42333984375,697.6287841796875,-75.23825180590453,40.06964118034308,0.0,False,
2316.18408203125,700.6575317382812,-75.41619228957286,40.07332138349348,0.0,False,
2679.34814453125,706.715087890625,-74.95931841021208,40.058599377798174,0.0,False,
2739.87548828125,706.715087890625,-74.89198957855378,40.07332138349348,0.0,False,
1390.11572265625,709.7438354492188,-76.59925621358593,40.058599377798174,0.0,False,
2403.94873046875,709.7438354492188,-75.31519904208544,40.06964118034308,0.0,False,
2243.55126953125,721.8588256835938,-75.49794872801509,40.043874190685884,0.0,False,
2304.07861328125,721.8588256835938,-75.4402383008794,40.047555785706216,0.0,False,
2364.60595703125,724.8876342773438,-75.35367266017589,40.043874190685884,0.0,False,
1456.69580078125,730.9451293945312,-76.5078813706211,40.03651040418753,0.0,False,
1474.85400390625,733.973876953125,-76.48383535931457,40.02178044548505,0.0,False,
2155.78662109375,737.0026245117188,-75.62779718907036,40.032828212718414,0.0,False,
2494.73974609375,746.0889282226562,-75.19977818781408,40.01441427335262,0.0,False,
2612.76806640625,746.0889282226562,-75.04107451319096,40.010730889106824,0.0,False,
2410.00146484375,749.11767578125,-75.29115303077889,40.00704730608061,0.0,False,
2183.02392578125,758.2039794921875,-75.5893235709799,39.99231098626174,0.0,False,
2316.18408203125,758.2039794921875,-75.42100149183416,40.00704730608061,0.0,False,
2758.03369140625,761.2327270507812,-74.85832516272464,39.995995364364546,0.0,False,
2630.92626953125,773.3477172851562,-75.01702850188443,39.98125665942413,0.0,False,
2591.58349609375,776.3765258789062,-75.0747389290201,39.97757148631693,0.0,False,
2446.31787109375,785.4627685546875,-75.25267941268845,39.96651477457472,0.0,False,
1505.11767578125,788.4915161132812,-76.45498014574675,39.95545627429684,0.0,False,
2155.78662109375,788.4915161132812,-75.61336958228644,39.959142639774754,0.0,False,
2506.84521484375,791.5203247070312,-75.18054137876884,39.95176971010637,0.0,False,
2540.13525390625,791.5203247070312,-75.13725855841709,39.95545627429684,0.0,False,
2627.89990234375,800.6065673828125,-75.02183770414572,39.944395985606015,0.0,False,
2186.05029296875,803.6353149414062,-75.5893235709799,39.948082947207915,0.0,False,
2591.58349609375,812.7216186523438,-75.08435733354271,39.929646152255124,0.0,False,
2294.99951171875,821.807861328125,-75.43542909861809,39.91489314001437,0.0,False,
2192.10302734375,824.8366088867188,-75.57489596419599,39.911204390287,0.0,False,
2349.47412109375,824.8366088867188,-75.38252787374373,39.91489314001437,0.0,False,
2216.31396484375,849.0667114257812,-75.53642234610552,39.881687241177076,0.0,False,
2391.84326171875,864.2105102539062,-75.32481744660804,39.863232567656034,0.0,False,
2222.36669921875,885.4118041992188,-75.54123154836682,39.83369476318376,0.0,False,
2291.97314453125,909.641845703125,-75.43542909861809,39.80783875976441,0.0,False,
612.33935546875,921.7568969726562,-77.56590578424272,39.796754637432194,0.0,False,
2785.27099609375,933.8719482421875,-74.82946994915679,39.781973028487045,0.0,False,
2343.42138671875,942.9581909179688,-75.38252787374373,39.77827713000194,0.0,False,
793.92138671875,1009.5908813476562,-77.34949168248392,39.69321669117745,0.0,False,
2049.86376953125,1009.5908813476562,-75.75283644786433,39.68951603024086,0.0,False,
2252.63037109375,1009.5908813476562,-75.50275793027639,39.68951603024086,0.0,False,
2234.47216796875,1033.8209228515625,-75.51718553706031,39.64879566819639,0.0,False,
2661.18994140625,1058.051025390625,-74.97374601699599,39.62287021579654,0.0,False,
1995.38916015625,1076.2236328125,-75.82016527952263,39.6006406661318,0.0,False,
2149.73388671875,1085.309814453125,-75.62298798680905,39.58211058923272,0.0,False,
1199.45458984375,1091.3673095703125,-76.84452552891257,39.589523214731436,0.0,False,
1033.00439453125,1115.597412109375,-77.04651185615576,39.54503556843152,0.0,False,
981.55615234375,1118.626220703125,-77.10422228329145,39.54503556843152,0.0,False,
1792.62255859375,1118.626220703125,-76.08467157162613,39.54874396242847,0.0,False,
1338.66748046875,1148.913818359375,-76.66658504524422,39.50051938340549,0.0,False,
1163.13818359375,1158.0,-76.88299897927136,39.49309724523766,0.0,False,
2776.19189453125,1167.0863037109375,-74.84870675820203,39.48567431460556,0.0,False,
1199.45458984375,1170.1151123046875,-76.83009792212864,39.48196255212792,0.0,False,
1387.08935546875,1170.1151123046875,-76.59925621358593,39.48196255212792,0.0,False,
1774.46435546875,1179.201416015625,-76.09909917841004,39.467113521256934,0.0,False,
2225.39306640625,1179.201416015625,-75.53642234610552,39.467113521256934,0.0,False,
1256.95556640625,1185.2589111328125,-76.76757829273166,39.45968781731533,0.0,False,
2818.56103515625,1185.2589111328125,-74.78618712880504,39.45968781731533,0.0,False,
2682.37451171875,1191.31640625,-74.94489080342815,39.44483403262096,0.0,False,
1244.85009765625,1218.5751953125,-76.77719669725428,39.41140143157853,0.0,False,
1381.03662109375,1227.6614990234375,-76.59444701132463,39.40025366695344,0.0,False,
1429.45849609375,1230.6903076171875,-76.54635498871156,39.40396978649198,0.0,False,
2612.76806640625,1236.747802734375,-75.04588371545226,39.39653734942486,0.0,False,
1635.25146484375,1245.833984375,-76.286658066601,39.385387208949695,0.0,False,
848.39599609375,1251.8916015625,-77.2821627669598,39.3816700995118,0.0,False,
1486.95947265625,1251.8916015625,-76.47421695479196,39.37051758343111,0.0,False,
936.16064453125,1257.9490966796875,-77.17155111494975,39.366799552491976,0.0,False,
2640.00537109375,1257.9490966796875,-75.0026008951005,39.36308145327536,0.0,False,
2467.50244140625,1260.977783203125,-75.23344260364323,39.37423528674741,0.0,False,
2588.55712890625,1260.977783203125,-75.06512052449749,39.35936315611971,0.0,False,
2549.21435546875,1300.3516845703125,-75.11321254711055,39.31100728298157,0.0,False,
2298.02587890625,1303.3804931640625,-75.44504750314071,39.30728621521921,0.0,False,
2597.63623046875,1312.4666748046875,-75.06512052449749,39.296121824782055,0.0,False,
2839.74560546875,1315.4954833984375,-74.7573319152372,39.299843486114284,0.0,False,
2640.00537109375,1324.581787109375,-75.0026008951005,39.28495565372869,0.0,False,
2921.45751953125,1336.69677734375,-74.64672026322715,39.26634141209555,0.0,False,
1405.24755859375,1339.7255859375,-76.5800194045407,39.255170493418234,0.0,False,
2860.93017578125,1342.7542724609375,-74.72847670166935,39.26261797033415,0.0,False,
1441.56396484375,1354.869384765625,-76.53192738192764,39.240273166160456,0.0,False,
2512.89794921875,1357.8980712890625,-75.17092297424624,39.240273166160456,0.0,False,
2679.34814453125,1357.8980712890625,-74.95450920795076,39.236548339912794,0.0,False,
2788.29736328125,1357.8980712890625,-74.81023314011158,39.240273166160456,0.0,False,
2818.56103515625,1370.01318359375,-74.78618712880504,39.236548339912794,0.0,False,
1801.70166015625,1373.0418701171875,-76.07505316710352,39.225372674613915,0.0,False,
1184.32275390625,1376.0706787109375,-76.86376233795781,39.214195229591525,0.0,False,
1408.27392578125,1415.4444580078125,-76.57521020227941,39.16573907227116,0.0,False,
1456.69580078125,1415.4444580078125,-76.50307216835981,39.16573907227116,0.0,False,
2891.19384765625,1418.4732666015625,-74.6900030835789,39.15828131360794,0.0,False,
2618.82080078125,1430.5882568359375,-75.04107451319096,39.13590329414354,0.0,False,
936.16064453125,1439.674560546875,-77.17155111494975,39.132172932532036,0.0,False,
1674.59423828125,1439.674560546875,-76.23856604398796,39.12471161647072,0.0,False,
621.41845703125,1442.703369140625,-77.58033339102663,39.132172932532036,0.0,False,
2824.61376953125,1442.703369140625,-74.78137792654374,39.13590329414354,0.0,False,
618.39208984375,1457.84716796875,-77.58514259328794,39.11351816036324,0.0,False,
1196.42822265625,1463.9046630859375,-76.83971632665126,39.09859078601608,0.0,False,
2870.00927734375,1463.9046630859375,-74.71404909488544,39.09859078601608,0.0,False,
2794.35009765625,1472.990966796875,-74.80542393785026,39.094858448500126,0.0,False,
1362.87841796875,1476.0196533203125,-76.62811142715378,39.094858448500126,0.0,False,
1426.43212890625,1485.10595703125,-76.54635498871156,39.07619379761441,0.0,False,
2767.11279296875,1506.3072509765625,-74.84870675820203,39.0425849818355,0.0,False,
990.63525390625,1512.36474609375,-77.09941308103015,39.046320084712995,0.0,False,
2827.64013671875,1512.36474609375,-74.7669503197598,39.03884968147281,0.0,False,
2700.53271484375,1515.3935546875,-74.93527239890554,39.0425849818355,0.0,False,
1141.95361328125,1527.508544921875,-76.9166633951005,39.02390650527871,0.0,False,
2748.95458984375,1533.5660400390625,-74.86794356724725,39.016433732411905,0.0,False,
2882.11474609375,1536.5948486328125,-74.6948122858402,39.016433732411905,0.0,False,
1541.43408203125,1542.65234375,-76.40207892087236,39.01269704980516,0.0,False,
990.63525390625,1545.68115234375,-77.10422228329145,39.001485817356944,0.0,False,
2812.50830078125,1545.68115234375,-74.79099633106634,39.001485817356944,0.0,False,
1048.13623046875,1548.7098388671875,-77.03208424937186,38.994010675256284,0.0,False,
1160.11181640625,1548.7098388671875,-76.89742658605527,38.99774834501649,0.0,False,
1211.56005859375,1551.7386474609375,-76.82047951760605,38.994010675256284,0.0,False,
1420.37939453125,1554.767333984375,-76.55116419097287,38.99027280808177,0.0,False,
1480.90673828125,1557.796142578125,-76.47902615705327,38.98279648151194,0.0,False,
1586.82958984375,1563.8536376953125,-76.349177695998,38.98279648151194,0.0,False,
1638.27783203125,1566.8824462890625,-76.286658066601,38.975319365350835,0.0,False,
1692.75244140625,1575.96875,-76.2049016281588,38.964102210721805,0.0,False,
1302.35107421875,1578.9974365234375,-76.70986786559598,38.95662312077505,0.0,False,
2761.06005859375,1578.9974365234375,-74.85351596046333,38.94914324139119,0.0,False,
1202.48095703125,1585.054931640625,-76.83009792212864,38.95288327976001,0.0,False,
815.10595703125,1588.083740234375,-77.33025478957286,38.94540300567412,0.0,False,
830.23779296875,1588.083740234375,-77.30620877826632,38.94540300567412,0.0,False,
712.20947265625,1594.1412353515625,-77.46010333449397,38.93044008943407,0.0,False,
2391.84326171875,1594.1412353515625,-75.32000824434674,38.93418111448879,0.0,False,
2670.26904296875,1594.1412353515625,-74.96893681473469,38.93044008943407,0.0,False,
872.60693359375,1597.1700439453125,-77.23887994660804,38.93044008943407,0.0,False,
2703.55908203125,1600.19873046875,-74.91603558986031,38.92669886705877,0.0,False,
1123.79541015625,1612.3138427734375,-76.93590020414572,38.92295744736846,0.0,False,
1020.89892578125,1624.4288330078125,-77.06093946293971,38.90050478592183,0.0,False,
1096.55810546875,1633.51513671875,-76.96956461997488,38.8817888095723,0.0,False,
1287.21923828125,1636.5438232421875,-76.7242954723799,38.89676198518187,0.0,False,
978.52978515625,1639.5726318359375,-77.11384068781406,38.87804502253543,0.0,False,
881.68603515625,1645.630126953125,-77.23407074434672,38.87804502253543,0.0,False,
1998.41552734375,1645.630126953125,-75.82497448178393,38.86306790201774,0.0,False,
1063.26806640625,1654.7164306640625,-77.01765664258794,38.85932312882375,0.0,False,
1187.34912109375,1654.7164306640625,-76.85414393343518,38.86306790201774,0.0,False,
818.13232421875,1660.77392578125,-77.33025478957286,38.85183299079761,0.0,False,
854.44873046875,1672.888916015625,-77.27254436243719,38.836850348349856,0.0,False,
1278.14013671875,1694.0902099609375,-76.73872307916383,38.81062313282032,0.0,False,
2739.87548828125,1694.0902099609375,-74.88237117403118,38.80687559913412,0.0,False,
1033.00439453125,1703.176513671875,-77.03689345163316,38.79937994036032,0.0,False,
1683.67333984375,1715.2916259765625,-76.2193292349427,38.780637343849264,0.0,False,
1789.59619140625,1715.2916259765625,-76.08467157162613,38.776888233236505,0.0,False,
2540.13525390625,1718.3203125,-75.13725855841709,38.776888233236505,0.0,False,
1411.30029296875,1724.3778076171875,-76.5704010000181,38.77313892553347,0.0,False,
724.31494140625,1733.464111328125,-77.43124812092611,38.76938942074592,0.0,False,
2518.95068359375,1742.5504150390625,-75.16130456972363,38.750638940739336,0.0,False,
1002.74072265625,1748.60791015625,-77.08498547424622,38.746888253564244,0.0,False,
2482.63427734375,1757.6942138671875,-75.20458739007537,38.73563500979435,0.0,False,
948.26611328125,1766.780517578125,-77.14750510364321,38.716875663039666,0.0,False,
2582.50439453125,1766.780517578125,-75.0747389290201,38.709370545306726,0.0,False,
1438.53759765625,1772.8380126953125,-76.53192738192764,38.71312320266967,0.0,False,
2664.21630859375,1781.92431640625,-74.99298282604123,38.69435794604084,0.0,False,
2703.55908203125,1800.0968017578125,-74.94008160116685,38.68309642844803,0.0,False,
963.39794921875,1803.1256103515625,-77.13788669912061,38.679342195349165,0.0,False,
1438.53759765625,1803.1256103515625,-76.53673658418894,38.668078314429835,0.0,False,
878.65966796875,1812.2117919921875,-77.23407074434672,38.668078314429835,0.0,False,
2176.97119140625,1812.2117919921875,-75.58451436871859,38.66056807585592,0.0,False,
1580.77685546875,1827.3555908203125,-76.3539868982593,38.64178903356283,0.0,False,
721.28857421875,1836.44189453125,-77.44086652544874,38.63803289646467,0.0,False,
2570.39892578125,1842.4993896484375,-75.10359414258794,38.6230053312844,0.0,False,
2655.13720703125,1842.4993896484375,-74.99298282604123,38.62676251787469,0.0,False,
760.63134765625,1848.556884765625,-77.37834689605177,38.61173259041445,0.0,False,
966.42431640625,1857.6431884765625,-77.1330774968593,38.60421644564377,0.0,False,
1789.59619140625,1884.902099609375,-76.07505316710352,38.56662391326106,0.0,False,
1384.06298828125,1887.9307861328125,-76.59925621358593,38.56662391326106,0.0,False,
2428.15966796875,1890.9595947265625,-75.27672542399498,38.56662391326106,0.0,False,
1084.45263671875,1893.98828125,-76.98399222675879,38.55910304540797,0.0,False,
1141.95361328125,1893.98828125,-76.9214725973618,38.55534231634771,0.0,False,
1828.93896484375,1900.0457763671875,-76.051007155797,38.55158139053948,0.0,False,
1317.48291015625,1903.0745849609375,-76.69063105655076,38.544058948702784,0.0,False,
2083.15380859375,1912.160888671875,-75.72398123429647,38.53277381048601,0.0,False,
851.42236328125,1915.1895751953125,-77.2869719692211,38.52901170431432,0.0,False,
1247.87646484375,1915.1895751953125,-76.77719669725428,38.53277381048601,0.0,False,
1399.19482421875,1915.1895751953125,-76.584828606802,38.53277381048601,0.0,False,
715.23583984375,1918.2183837890625,-77.45048492997137,38.53277381048601,0.0,False,
1084.45263671875,1921.2471923828125,-76.97918302449749,38.52524940143616,0.0,False,
821.15869140625,1951.53466796875,-77.31582718278895,38.48761555510563,0.0,False,
1317.48291015625,1960.6209716796875,-76.68582185428946,38.47255651029224,0.0,False,
751.55224609375,1963.6497802734375,-77.40239290735829,38.476321566436106,0.0,False,
1511.17041015625,1990.9085693359375,-76.44055253896282,38.43112791730633,0.0,False,
1402.22119140625,2054.512451171875,-76.5800194045407,38.3481993914307,0.0,False,
1048.13623046875,2081.771240234375,-77.02246584484925,38.32933873868986,0.0,False,
1465.77490234375,2102.97265625,-76.4934537638372,38.28782802171654,0.0,False,
654.70849609375,2106.00146484375,-77.53224136841357,38.29160270497766,0.0,False,
1544.46044921875,2124.173828125,-76.40207892087236,38.26895166075009,0.0,False,
1099.58447265625,2136.2890625,-76.96475541771356,38.25762348866424,0.0,False,
1160.11181640625,2215.03662109375,-76.88780818153266,38.1518087241226,0.0,False,
